Dataset,Tiempo_Creacion (s),Tiempo_Consulta_Promedio (s)
spotify_1000.csv,16.28883957862854,0.19981813430786133
spotify_2000.csv,31.945998430252075,0.2612307071685791
spotify_4000.csv,61.02800679206848,0.3989309072494507
spotify_8000.csv,123.9815320968628,0.914172887802124
spotify_16000.csv,260.3115544319153,1.470516562461853
spotify_32000.csv,560.9121646881104,4.611840724945068
