Dataset,Tiempo_Creacion (s),Tiempo_Consulta_Promedio (s)
spotify_1000.csv,14.873041868209839,0.1539403200149536
spotify_2000.csv,31.258015871047974,0.7478516101837158
spotify_4000.csv,60.49935865402222,0.36869239807128906
spotify_8000.csv,123.576833486557,0.7671147584915161
